{"unitWeights":{"meleeWeight":43.82219696044922,"wizardWeight":-0.18360072374343873,"rangedWeight":29.053600311279298},"tileWeights":{"meleeWeight":7.828105926513672,"wizardWeight":-96.60966491699219,"rangedWeight":31.555747985839845},"wins":2,"losses":15}