{"unitWeights":{"meleeWeight":217.82220458984376,"wizardWeight":4.816399574279785,"rangedWeight":79.05360412597656},"tileWeights":{"meleeWeight":-151.17189025878907,"wizardWeight":-386.60968017578127,"rangedWeight":85.55574798583985},"wins":5,"losses":42}