{"unitWeights":{"meleeWeight":125.82219696044922,"wizardWeight":0.8163992762565613,"rangedWeight":56.0536003112793},"tileWeights":{"meleeWeight":-125.17189025878906,"wizardWeight":-274.60968017578127,"rangedWeight":43.555747985839847},"wins":2,"losses":32}