{"unitWeights":{"meleeWeight":133.82220458984376,"wizardWeight":0.8163992762565613,"rangedWeight":64.05360412597656},"tileWeights":{"meleeWeight":-163.17189025878907,"wizardWeight":-299.60968017578127,"rangedWeight":44.555747985839847},"wins":2,"losses":36}