{"unitWeights":{"meleeWeight":35.82219696044922,"wizardWeight":-0.18360072374343873,"rangedWeight":24.053600311279298},"tileWeights":{"meleeWeight":1.8281059265136719,"wizardWeight":-83.60966491699219,"rangedWeight":30.555747985839845},"wins":2,"losses":8}